experiment_id,instance_id,dataset,leg_id,agent_id,trial_id,task_name,trial_dir,score,status,error_type,error_phase,error_message,model,input_tokens,output_tokens,total_tokens,cost_usd,duration_sec,agent_duration_sec,env_setup_duration_sec,verifier_duration_sec,trace_id,trace_url
tb2-baseline,tb2-baseline-20260417-050526,terminal-bench@2.0,basic,basic,adaptive-rejection-sampler__tyjXGBo,adaptive-rejection-sampler,legs/basic/harbor/tb2-baseline-20260417-050526-basic/adaptive-rejection-sampler__tyjXGBo,,errored,ConnectTimeout,agent,timed out,,,,,,51.778617,5.008859,17.692497,,,
tb2-baseline,tb2-baseline-20260417-050526,terminal-bench@2.0,basic,basic,break-filter-js-from-html__PKfzFz5,break-filter-js-from-html,legs/basic/harbor/tb2-baseline-20260417-050526-basic/break-filter-js-from-html__PKfzFz5,,errored,ConnectTimeout,agent,timed out,,,,,,25.51779,5.538652,1.789332,,,
tb2-baseline,tb2-baseline-20260417-050526,terminal-bench@2.0,basic,basic,caffe-cifar-10__S4wHuKY,caffe-cifar-10,legs/basic/harbor/tb2-baseline-20260417-050526-basic/caffe-cifar-10__S4wHuKY,,errored,ConnectTimeout,agent,timed out,,,,,,26.130495,5.02362,5.232479,,,
tb2-baseline,tb2-baseline-20260417-050526,terminal-bench@2.0,basic,basic,chess-best-move__zjUddxp,chess-best-move,legs/basic/harbor/tb2-baseline-20260417-050526-basic/chess-best-move__zjUddxp,,errored,ConnectTimeout,agent,timed out,,,,,,120.326806,5.005149,63.914732,,,
tb2-baseline,tb2-baseline-20260417-050526,terminal-bench@2.0,basic,basic,cobol-modernization__V59WjZH,cobol-modernization,legs/basic/harbor/tb2-baseline-20260417-050526-basic/cobol-modernization__V59WjZH,,errored,ConnectTimeout,agent,timed out,,,,,,53.929559,5.004156,29.980345,,,
tb2-baseline,tb2-baseline-20260417-050526,terminal-bench@2.0,basic,basic,compile-compcert__b9P7jRk,compile-compcert,legs/basic/harbor/tb2-baseline-20260417-050526-basic/compile-compcert__b9P7jRk,,failed,,,,,,,,,,,,,,
tb2-baseline,tb2-baseline-20260417-050526,terminal-bench@2.0,basic,basic,configure-git-webserver__3wQssmR,configure-git-webserver,legs/basic/harbor/tb2-baseline-20260417-050526-basic/configure-git-webserver__3wQssmR,,errored,ConnectTimeout,agent,timed out,,,,,,61.790471,5.01056,13.025527,,,
tb2-baseline,tb2-baseline-20260417-050526,terminal-bench@2.0,basic,basic,crack-7z-hash__a3pssbv,crack-7z-hash,legs/basic/harbor/tb2-baseline-20260417-050526-basic/crack-7z-hash__a3pssbv,,errored,ConnectTimeout,agent,timed out,,,,,,111.196259,5.011454,54.186541,,,
tb2-baseline,tb2-baseline-20260417-050526,terminal-bench@2.0,basic,basic,custom-memory-heap-crash__mNei39e,custom-memory-heap-crash,legs/basic/harbor/tb2-baseline-20260417-050526-basic/custom-memory-heap-crash__mNei39e,,errored,ConnectTimeout,agent,timed out,,,,,,240.808576,5.009449,180.188577,,,
tb2-baseline,tb2-baseline-20260417-050526,terminal-bench@2.0,basic,basic,db-wal-recovery__sTHf4yx,db-wal-recovery,legs/basic/harbor/tb2-baseline-20260417-050526-basic/db-wal-recovery__sTHf4yx,,failed,,,,,,,,,,,,,,
tb2-baseline,tb2-baseline-20260417-050526,terminal-bench@2.0,basic,basic,distribution-search__XjHh3bA,distribution-search,legs/basic/harbor/tb2-baseline-20260417-050526-basic/distribution-search__XjHh3bA,,errored,ConnectTimeout,agent,timed out,,,,,,41.093071,5.007038,20.121605,,,
tb2-baseline,tb2-baseline-20260417-050526,terminal-bench@2.0,basic,basic,feal-linear-cryptanalysis__7bpwQBe,feal-linear-cryptanalysis,legs/basic/harbor/tb2-baseline-20260417-050526-basic/feal-linear-cryptanalysis__7bpwQBe,,errored,ConnectTimeout,agent,timed out,,,,,,29.627898,5.017511,6.587985,,,
tb2-baseline,tb2-baseline-20260417-050526,terminal-bench@2.0,basic,basic,gpt2-codegolf__AYAFhDo,gpt2-codegolf,legs/basic/harbor/tb2-baseline-20260417-050526-basic/gpt2-codegolf__AYAFhDo,,errored,ConnectTimeout,agent,timed out,,,,,,37.332853,5.008064,20.556624,,,
tb2-baseline,tb2-baseline-20260417-050526,terminal-bench@2.0,basic,basic,hf-model-inference__yBB5qVr,hf-model-inference,legs/basic/harbor/tb2-baseline-20260417-050526-basic/hf-model-inference__yBB5qVr,,failed,,,,,,,,,,,,,,
tb2-baseline,tb2-baseline-20260417-050526,terminal-bench@2.0,basic,basic,largest-eigenval__S8CT4z7,largest-eigenval,legs/basic/harbor/tb2-baseline-20260417-050526-basic/largest-eigenval__S8CT4z7,,errored,ConnectTimeout,agent,timed out,,,,,,28.546285,5.008737,11.168593,,,
tb2-baseline,tb2-baseline-20260417-050526,terminal-bench@2.0,basic,basic,llm-inference-batching-scheduler__4jCVyFo,llm-inference-batching-scheduler,legs/basic/harbor/tb2-baseline-20260417-050526-basic/llm-inference-batching-scheduler__4jCVyFo,,errored,ConnectTimeout,agent,timed out,,,,,,37.254074,5.009286,12.720201,,,
tb2-baseline,tb2-baseline-20260417-050526,terminal-bench@2.0,basic,basic,log-summary-date-ranges__fLi6YhA,log-summary-date-ranges,legs/basic/harbor/tb2-baseline-20260417-050526-basic/log-summary-date-ranges__fLi6YhA,,errored,ConnectTimeout,agent,timed out,,,,,,20.953085,5.006481,3.97915,,,
tb2-baseline,tb2-baseline-20260417-050526,terminal-bench@2.0,basic,basic,merge-diff-arc-agi-task__6S8ookU,merge-diff-arc-agi-task,legs/basic/harbor/tb2-baseline-20260417-050526-basic/merge-diff-arc-agi-task__6S8ookU,,errored,ConnectTimeout,agent,timed out,,,,,,26.734272,5.007643,6.609844,,,
tb2-baseline,tb2-baseline-20260417-050526,terminal-bench@2.0,basic,basic,modernize-scientific-stack__x6Vx9s7,modernize-scientific-stack,legs/basic/harbor/tb2-baseline-20260417-050526-basic/modernize-scientific-stack__x6Vx9s7,,errored,ConnectTimeout,agent,timed out,,,,,,75.940097,5.01138,48.220407,,,
tb2-baseline,tb2-baseline-20260417-050526,terminal-bench@2.0,basic,basic,mteb-retrieve__wPkuk6L,mteb-retrieve,legs/basic/harbor/tb2-baseline-20260417-050526-basic/mteb-retrieve__wPkuk6L,,failed,,,,,,,,,,,,,,
tb2-baseline,tb2-baseline-20260417-050526,terminal-bench@2.0,basic,basic,multi-source-data-merger__96HRvfL,multi-source-data-merger,legs/basic/harbor/tb2-baseline-20260417-050526-basic/multi-source-data-merger__96HRvfL,,errored,ConnectTimeout,agent,timed out,,,,,,95.9084,5.011201,42.409413,,,
tb2-baseline,tb2-baseline-20260417-050526,terminal-bench@2.0,basic,basic,overfull-hbox__W26W2py,overfull-hbox,legs/basic/harbor/tb2-baseline-20260417-050526-basic/overfull-hbox__W26W2py,,errored,ConnectTimeout,agent,timed out,,,,,,56.489581,5.004173,26.708043,,,
tb2-baseline,tb2-baseline-20260417-050526,terminal-bench@2.0,basic,basic,password-recovery__kbB4a86,password-recovery,legs/basic/harbor/tb2-baseline-20260417-050526-basic/password-recovery__kbB4a86,,errored,ConnectTimeout,agent,timed out,,,,,,28.291212,5.008719,10.465825,,,
tb2-baseline,tb2-baseline-20260417-050526,terminal-bench@2.0,basic,basic,path-tracing-reverse__XhfoKYQ,path-tracing-reverse,legs/basic/harbor/tb2-baseline-20260417-050526-basic/path-tracing-reverse__XhfoKYQ,,errored,ConnectTimeout,agent,timed out,,,,,,48.852216,5.015776,29.502048,,,
tb2-baseline,tb2-baseline-20260417-050526,terminal-bench@2.0,basic,basic,path-tracing__cFeNa8h,path-tracing,legs/basic/harbor/tb2-baseline-20260417-050526-basic/path-tracing__cFeNa8h,,errored,ConnectTimeout,agent,timed out,,,,,,66.844688,5.009631,50.663355,,,
tb2-baseline,tb2-baseline-20260417-050526,terminal-bench@2.0,basic,basic,polyglot-rust-c__N5Ge8RT,polyglot-rust-c,legs/basic/harbor/tb2-baseline-20260417-050526-basic/polyglot-rust-c__N5Ge8RT,,errored,ConnectTimeout,agent,timed out,,,,,,56.360403,5.005114,31.177102,,,
tb2-baseline,tb2-baseline-20260417-050526,terminal-bench@2.0,basic,basic,portfolio-optimization__LfGhZhq,portfolio-optimization,legs/basic/harbor/tb2-baseline-20260417-050526-basic/portfolio-optimization__LfGhZhq,,errored,ConnectTimeout,agent,timed out,,,,,,48.149579,5.010098,28.526569,,,
tb2-baseline,tb2-baseline-20260417-050526,terminal-bench@2.0,basic,basic,prove-plus-comm__peHA7ra,prove-plus-comm,legs/basic/harbor/tb2-baseline-20260417-050526-basic/prove-plus-comm__peHA7ra,,errored,ConnectTimeout,agent,timed out,,,,,,67.248289,5.010016,48.702341,,,
tb2-baseline,tb2-baseline-20260417-050526,terminal-bench@2.0,basic,basic,pypi-server__idxhjFi,pypi-server,legs/basic/harbor/tb2-baseline-20260417-050526-basic/pypi-server__idxhjFi,,errored,ConnectTimeout,agent,timed out,,,,,,32.957927,5.010902,10.503852,,,
tb2-baseline,tb2-baseline-20260417-050526,terminal-bench@2.0,basic,basic,pytorch-model-cli__ZzNdo5e,pytorch-model-cli,legs/basic/harbor/tb2-baseline-20260417-050526-basic/pytorch-model-cli__ZzNdo5e,,errored,ConnectTimeout,agent,timed out,,,,,,22.657111,5.009703,1.773555,,,
tb2-baseline,tb2-baseline-20260417-050526,terminal-bench@2.0,basic,basic,regex-chess__jerpWDC,regex-chess,legs/basic/harbor/tb2-baseline-20260417-050526-basic/regex-chess__jerpWDC,,errored,ConnectTimeout,agent,timed out,,,,,,26.008338,5.016241,8.730222,,,
tb2-baseline,tb2-baseline-20260417-050526,terminal-bench@2.0,basic,basic,reshard-c4-data__gPeDV37,reshard-c4-data,legs/basic/harbor/tb2-baseline-20260417-050526-basic/reshard-c4-data__gPeDV37,,errored,ConnectTimeout,agent,timed out,,,,,,25.421817,5.007186,7.253498,,,
tb2-baseline,tb2-baseline-20260417-050526,terminal-bench@2.0,basic,basic,torch-tensor-parallelism__8BNJrf7,torch-tensor-parallelism,legs/basic/harbor/tb2-baseline-20260417-050526-basic/torch-tensor-parallelism__8BNJrf7,,errored,ConnectTimeout,agent,timed out,,,,,,23.890835,5.009,5.981785,,,
tb2-baseline,tb2-baseline-20260417-050526,terminal-bench@2.0,basic,basic,winning-avg-corewars__bsC9ucj,winning-avg-corewars,legs/basic/harbor/tb2-baseline-20260417-050526-basic/winning-avg-corewars__bsC9ucj,,errored,ConnectTimeout,agent,timed out,,,,,,46.627027,5.004918,21.244763,,,
tb2-baseline,tb2-baseline-20260417-050526,terminal-bench@2.0,basic,basic,write-compressor__sPHN7T4,write-compressor,legs/basic/harbor/tb2-baseline-20260417-050526-basic/write-compressor__sPHN7T4,,errored,ConnectTimeout,agent,timed out,,,,,,25.884558,5.009042,1.626412,,,
tb2-baseline,tb2-baseline-20260417-050526,terminal-bench@2.0,planner_executor,planner_executor,adaptive-rejection-sampler__aNL5R5o,adaptive-rejection-sampler,legs/planner_executor/harbor/tb2-baseline-20260417-050526-planner_executor/adaptive-rejection-sampler__aNL5R5o,,errored,ConnectTimeout,agent,timed out,,,,,,54.707044,5.010612,17.741087,,,
tb2-baseline,tb2-baseline-20260417-050526,terminal-bench@2.0,planner_executor,planner_executor,break-filter-js-from-html__knntSZB,break-filter-js-from-html,legs/planner_executor/harbor/tb2-baseline-20260417-050526-planner_executor/break-filter-js-from-html__knntSZB,,errored,ConnectTimeout,agent,timed out,,,,,,25.688894,5.473272,1.70026,,,
tb2-baseline,tb2-baseline-20260417-050526,terminal-bench@2.0,planner_executor,planner_executor,caffe-cifar-10__WrRKHiL,caffe-cifar-10,legs/planner_executor/harbor/tb2-baseline-20260417-050526-planner_executor/caffe-cifar-10__WrRKHiL,,errored,ConnectTimeout,agent,timed out,,,,,,40.575227,5.007611,6.670687,,,
tb2-baseline,tb2-baseline-20260417-050526,terminal-bench@2.0,planner_executor,planner_executor,chess-best-move__RdrVihv,chess-best-move,legs/planner_executor/harbor/tb2-baseline-20260417-050526-planner_executor/chess-best-move__RdrVihv,,errored,ConnectTimeout,agent,timed out,,,,,,110.760635,5.007528,70.848571,,,
tb2-baseline,tb2-baseline-20260417-050526,terminal-bench@2.0,planner_executor,planner_executor,cobol-modernization__uhHqDgj,cobol-modernization,legs/planner_executor/harbor/tb2-baseline-20260417-050526-planner_executor/cobol-modernization__uhHqDgj,,errored,ConnectTimeout,agent,timed out,,,,,,72.528741,5.010195,34.927174,,,
tb2-baseline,tb2-baseline-20260417-050526,terminal-bench@2.0,planner_executor,planner_executor,compile-compcert__5mjy76X,compile-compcert,legs/planner_executor/harbor/tb2-baseline-20260417-050526-planner_executor/compile-compcert__5mjy76X,,failed,,,,,,,,,,,,,,
tb2-baseline,tb2-baseline-20260417-050526,terminal-bench@2.0,planner_executor,planner_executor,configure-git-webserver__AsfyW5x,configure-git-webserver,legs/planner_executor/harbor/tb2-baseline-20260417-050526-planner_executor/configure-git-webserver__AsfyW5x,,errored,ConnectTimeout,agent,timed out,,,,,,40.692905,5.015026,19.227372,,,
tb2-baseline,tb2-baseline-20260417-050526,terminal-bench@2.0,planner_executor,planner_executor,crack-7z-hash__mdauMMK,crack-7z-hash,legs/planner_executor/harbor/tb2-baseline-20260417-050526-planner_executor/crack-7z-hash__mdauMMK,,errored,ConnectTimeout,agent,timed out,,,,,,118.012529,5.008846,82.164379,,,
tb2-baseline,tb2-baseline-20260417-050526,terminal-bench@2.0,planner_executor,planner_executor,custom-memory-heap-crash__tjJGerc,custom-memory-heap-crash,legs/planner_executor/harbor/tb2-baseline-20260417-050526-planner_executor/custom-memory-heap-crash__tjJGerc,,errored,ConnectTimeout,agent,timed out,,,,,,243.619535,5.009551,202.650963,,,
tb2-baseline,tb2-baseline-20260417-050526,terminal-bench@2.0,planner_executor,planner_executor,db-wal-recovery__heu6LDQ,db-wal-recovery,legs/planner_executor/harbor/tb2-baseline-20260417-050526-planner_executor/db-wal-recovery__heu6LDQ,,errored,CancelledError,env_setup,"{'exception_type': 'CancelledError', 'exception_message': '', 'exception_traceback': 'Traceback (most recent call last):\n  File ""/home/pier_ridgesecurity_ai/.local/share/uv/tools/harbor/lib/python3.13/site-packages/harbor/trial/trial.py"", line 531, in run\n    await self._setup_environment()\n  File ""/home/pier_ridgesecurity_ai/.local/share/uv/tools/harbor/lib/python3.13/site-packages/harbor/trial/trial.py"", line 238, in _setup_environment\n    await self._start_environment_with_retry()\n  File ""/home/pier_ridgesecurity_ai/.local/share/uv/tools/harbor/lib/python3.13/site-packages/tenacity/asyncio/__init__.py"", line 193, in async_wrapped\n    return await copy(fn, *args, **kwargs)\n           ^^^^^^^^^^^^^^^^^^^^^^^^^^^^^^^\n  File ""/home/pier_ridgesecurity_ai/.local/share/uv/tools/harbor/lib/python3.13/site-packages/tenacity/asyncio/__init__.py"", line 112, in __call__\n    do = await self.iter(retry_state=retry_state)\n         ^^^^^^^^^^^^^^^^^^^^^^^^^^^^^^^^^^^^^^^^\n  File ""/home/pier_ridgesecurity_ai/.local/share/uv/tools/harbor/lib/python3.13/site-packages/tenacity/asyncio/__init__.py"", line 157, in iter\n    result = await action(retry_state)\n             ^^^^^^^^^^^^^^^^^^^^^^^^^\n  File ""/home/pier_ridgesecurity_ai/.local/share/uv/tools/harbor/lib/python3.13/site-packages/tenacity/_utils.py"", line 111, in inner\n    return call(*args, **kwargs)\n  File ""/home/pier_ridgesecurity_ai/.local/share/uv/tools/harbor/lib/python3.13/site-packages/tenacity/__init__.py"", line 393, in <lambda>\n    self._add_action_func(lambda rs: rs.outcome.result())\n                                     ~~~~~~~~~~~~~~~~~^^\n  File ""/home/pier_ridgesecurity_ai/.local/share/uv/python/cpython-3.13.12-linux-x86_64-gnu/lib/python3.13/concurrent/futures/_base.py"", line 449, in result\n    return self.__get_result()\n           ~~~~~~~~~~~~~~~~~^^\n  File ""/home/pier_ridgesecurity_ai/.local/share/uv/python/cpython-3.13.12-linux-x86_64-gnu/lib/python3.13/concurrent/futures/_base.py"", line 401, in __get_result\n    raise self._exception\n  File ""/home/pier_ridgesecurity_ai/.local/share/uv/tools/harbor/lib/python3.13/site-packages/tenacity/asyncio/__init__.py"", line 116, in __call__\n    result = await fn(*args, **kwargs)\n             ^^^^^^^^^^^^^^^^^^^^^^^^^\n  File ""/home/pier_ridgesecurity_ai/.local/share/uv/tools/harbor/lib/python3.13/site-packages/harbor/trial/trial.py"", line 250, in _start_environment_with_retry\n    await asyncio.wait_for(\n    ...<4 lines>...\n    )\n  File ""/home/pier_ridgesecurity_ai/.local/share/uv/python/cpython-3.13.12-linux-x86_64-gnu/lib/python3.13/asyncio/tasks.py"", line 507, in wait_for\n    return await fut\n           ^^^^^^^^^\n  File ""/home/pier_ridgesecurity_ai/.local/share/uv/tools/harbor/lib/python3.13/site-packages/harbor/environments/docker/docker.py"", line 349, in start\n    await self._run_docker_compose_command([""up"", ""--detach"", ""--wait""])\n  File ""/home/pier_ridgesecurity_ai/.local/share/uv/tools/harbor/lib/python3.13/site-packages/harbor/environments/docker/docker.py"", line 296, in _run_docker_compose_command\n    stdout_bytes, stderr_bytes = await process.communicate()\n                                 ^^^^^^^^^^^^^^^^^^^^^^^^^^^\n  File ""/home/pier_ridgesecurity_ai/.local/share/uv/python/cpython-3.13.12-linux-x86_64-gnu/lib/python3.13/asyncio/subprocess.py"", line 201, in communicate\n    stdin, stdout, stderr = await tasks.gather(stdin, stdout, stderr)\n                            ^^^^^^^^^^^^^^^^^^^^^^^^^^^^^^^^^^^^^^^^^\n  File ""/home/pier_ridgesecurity_ai/.local/share/uv/python/cpython-3.13.12-linux-x86_64-gnu/lib/python3.13/asyncio/subprocess.py"", line 181, in _read_stream\n    output = await stream.read()\n             ^^^^^^^^^^^^^^^^^^^\n  File ""/home/pier_ridgesecurity_ai/.local/share/uv/python/cpython-3.13.12-linux-x86_64-gnu/lib/python3.13/asyncio/streams.py"", line 723, in read\n    block = await self.read(self._limit)\n            ^^^^^^^^^^^^^^^^^^^^^^^^^^^^\n  File ""/home/pier_ridgesecurity_ai/.local/share/uv/python/cpython-3.13.12-linux-x86_64-gnu/lib/python3.13/asyncio/streams.py"", line 730, in read\n    await self._wait_for_data(\'read\')\n  File ""/home/pier_ridgesecurity_ai/.local/share/uv/python/cpython-3.13.12-linux-x86_64-gnu/lib/python3.13/asyncio/streams.py"", line 539, in _wait_for_data\n    await self._waiter\nasyncio.exceptions.CancelledError\n', 'occurred_at': '2026-04-17T05:23:10.616745'}",,,,,,40.650347,,33.944365,,,
tb2-baseline,tb2-baseline-20260417-050526,terminal-bench@2.0,planner_executor,planner_executor,distribution-search__ZzAMGFz,distribution-search,legs/planner_executor/harbor/tb2-baseline-20260417-050526-planner_executor/distribution-search__ZzAMGFz,,errored,ConnectTimeout,agent,timed out,,,,,,54.563508,5.006536,30.016809,,,
tb2-baseline,tb2-baseline-20260417-050526,terminal-bench@2.0,planner_executor,planner_executor,feal-linear-cryptanalysis__w7QpTAx,feal-linear-cryptanalysis,legs/planner_executor/harbor/tb2-baseline-20260417-050526-planner_executor/feal-linear-cryptanalysis__w7QpTAx,,errored,ConnectTimeout,agent,timed out,,,,,,37.880055,5.010205,1.715534,,,
tb2-baseline,tb2-baseline-20260417-050526,terminal-bench@2.0,planner_executor,planner_executor,gpt2-codegolf__5ZDxYng,gpt2-codegolf,legs/planner_executor/harbor/tb2-baseline-20260417-050526-planner_executor/gpt2-codegolf__5ZDxYng,,errored,ConnectTimeout,agent,timed out,,,,,,38.81632,5.007997,20.74432,,,
tb2-baseline,tb2-baseline-20260417-050526,terminal-bench@2.0,planner_executor,planner_executor,hf-model-inference__bkM4y3N,hf-model-inference,legs/planner_executor/harbor/tb2-baseline-20260417-050526-planner_executor/hf-model-inference__bkM4y3N,,failed,,,,,,,,,,,,,,
tb2-baseline,tb2-baseline-20260417-050526,terminal-bench@2.0,planner_executor,planner_executor,largest-eigenval__Pjp6cWs,largest-eigenval,legs/planner_executor/harbor/tb2-baseline-20260417-050526-planner_executor/largest-eigenval__Pjp6cWs,,errored,ConnectTimeout,agent,timed out,,,,,,28.105629,5.00831,11.061299,,,
tb2-baseline,tb2-baseline-20260417-050526,terminal-bench@2.0,planner_executor,planner_executor,llm-inference-batching-scheduler__SVo2xTw,llm-inference-batching-scheduler,legs/planner_executor/harbor/tb2-baseline-20260417-050526-planner_executor/llm-inference-batching-scheduler__SVo2xTw,,errored,ConnectTimeout,agent,timed out,,,,,,32.137383,5.006149,7.577662,,,
tb2-baseline,tb2-baseline-20260417-050526,terminal-bench@2.0,planner_executor,planner_executor,log-summary-date-ranges__pLDY9Ku,log-summary-date-ranges,legs/planner_executor/harbor/tb2-baseline-20260417-050526-planner_executor/log-summary-date-ranges__pLDY9Ku,,errored,ConnectTimeout,agent,timed out,,,,,,22.702709,5.009121,4.345663,,,
tb2-baseline,tb2-baseline-20260417-050526,terminal-bench@2.0,planner_executor,planner_executor,merge-diff-arc-agi-task__Ttsqzus,merge-diff-arc-agi-task,legs/planner_executor/harbor/tb2-baseline-20260417-050526-planner_executor/merge-diff-arc-agi-task__Ttsqzus,,errored,ConnectTimeout,agent,timed out,,,,,,18.540014,5.005325,1.581369,,,
tb2-baseline,tb2-baseline-20260417-050526,terminal-bench@2.0,planner_executor,planner_executor,modernize-scientific-stack__f3nesNa,modernize-scientific-stack,legs/planner_executor/harbor/tb2-baseline-20260417-050526-planner_executor/modernize-scientific-stack__f3nesNa,,errored,ConnectTimeout,agent,timed out,,,,,,45.916398,5.008172,23.881818,,,
tb2-baseline,tb2-baseline-20260417-050526,terminal-bench@2.0,planner_executor,planner_executor,mteb-retrieve__CVHWzwz,mteb-retrieve,legs/planner_executor/harbor/tb2-baseline-20260417-050526-planner_executor/mteb-retrieve__CVHWzwz,,failed,,,,,,,,,,,,,,
tb2-baseline,tb2-baseline-20260417-050526,terminal-bench@2.0,planner_executor,planner_executor,multi-source-data-merger__3mxkU7G,multi-source-data-merger,legs/planner_executor/harbor/tb2-baseline-20260417-050526-planner_executor/multi-source-data-merger__3mxkU7G,,errored,ConnectTimeout,agent,timed out,,,,,,71.821202,5.012538,46.663431,,,
tb2-baseline,tb2-baseline-20260417-050526,terminal-bench@2.0,planner_executor,planner_executor,overfull-hbox__jNnFERy,overfull-hbox,legs/planner_executor/harbor/tb2-baseline-20260417-050526-planner_executor/overfull-hbox__jNnFERy,,errored,ConnectTimeout,agent,timed out,,,,,,71.617689,5.007074,38.99844,,,
tb2-baseline,tb2-baseline-20260417-050526,terminal-bench@2.0,planner_executor,planner_executor,password-recovery__7syUXB7,password-recovery,legs/planner_executor/harbor/tb2-baseline-20260417-050526-planner_executor/password-recovery__7syUXB7,,errored,ConnectTimeout,agent,timed out,,,,,,23.884699,5.006897,5.439694,,,
tb2-baseline,tb2-baseline-20260417-050526,terminal-bench@2.0,planner_executor,planner_executor,path-tracing-reverse__9jx2v4T,path-tracing-reverse,legs/planner_executor/harbor/tb2-baseline-20260417-050526-planner_executor/path-tracing-reverse__9jx2v4T,,errored,ConnectTimeout,agent,timed out,,,,,,41.075147,5.01299,18.158799,,,
tb2-baseline,tb2-baseline-20260417-050526,terminal-bench@2.0,planner_executor,planner_executor,path-tracing__zij8Uhq,path-tracing,legs/planner_executor/harbor/tb2-baseline-20260417-050526-planner_executor/path-tracing__zij8Uhq,,errored,ConnectTimeout,agent,timed out,,,,,,28.786977,5.007635,11.937612,,,
tb2-baseline,tb2-baseline-20260417-050526,terminal-bench@2.0,planner_executor,planner_executor,polyglot-rust-c__8Cmo2fL,polyglot-rust-c,legs/planner_executor/harbor/tb2-baseline-20260417-050526-planner_executor/polyglot-rust-c__8Cmo2fL,,errored,ConnectTimeout,agent,timed out,,,,,,61.682004,5.01376,33.821373,,,
tb2-baseline,tb2-baseline-20260417-050526,terminal-bench@2.0,planner_executor,planner_executor,portfolio-optimization__8YDkwga,portfolio-optimization,legs/planner_executor/harbor/tb2-baseline-20260417-050526-planner_executor/portfolio-optimization__8YDkwga,,errored,ConnectTimeout,agent,timed out,,,,,,42.08314,5.014165,24.194262,,,
tb2-baseline,tb2-baseline-20260417-050526,terminal-bench@2.0,planner_executor,planner_executor,prove-plus-comm__Pi3YTEj,prove-plus-comm,legs/planner_executor/harbor/tb2-baseline-20260417-050526-planner_executor/prove-plus-comm__Pi3YTEj,,errored,ConnectTimeout,agent,timed out,,,,,,28.738457,5.00857,6.865977,,,
tb2-baseline,tb2-baseline-20260417-050526,terminal-bench@2.0,planner_executor,planner_executor,pypi-server__XBZ4TB6,pypi-server,legs/planner_executor/harbor/tb2-baseline-20260417-050526-planner_executor/pypi-server__XBZ4TB6,,errored,ConnectTimeout,agent,timed out,,,,,,45.640555,5.007167,23.109153,,,
tb2-baseline,tb2-baseline-20260417-050526,terminal-bench@2.0,planner_executor,planner_executor,pytorch-model-cli__n7ayLmV,pytorch-model-cli,legs/planner_executor/harbor/tb2-baseline-20260417-050526-planner_executor/pytorch-model-cli__n7ayLmV,,errored,ConnectTimeout,agent,timed out,,,,,,24.038752,5.009712,3.235491,,,
tb2-baseline,tb2-baseline-20260417-050526,terminal-bench@2.0,planner_executor,planner_executor,regex-chess__qwh9qmk,regex-chess,legs/planner_executor/harbor/tb2-baseline-20260417-050526-planner_executor/regex-chess__qwh9qmk,,errored,ConnectTimeout,agent,timed out,,,,,,29.879391,5.003009,7.259266,,,
tb2-baseline,tb2-baseline-20260417-050526,terminal-bench@2.0,planner_executor,planner_executor,reshard-c4-data__RxuQf8i,reshard-c4-data,legs/planner_executor/harbor/tb2-baseline-20260417-050526-planner_executor/reshard-c4-data__RxuQf8i,,errored,ConnectTimeout,agent,timed out,,,,,,32.028808,5.015135,12.500122,,,
tb2-baseline,tb2-baseline-20260417-050526,terminal-bench@2.0,planner_executor,planner_executor,torch-tensor-parallelism__MGTAzgg,torch-tensor-parallelism,legs/planner_executor/harbor/tb2-baseline-20260417-050526-planner_executor/torch-tensor-parallelism__MGTAzgg,,errored,ConnectTimeout,agent,timed out,,,,,,22.679868,5.008847,5.850756,,,
tb2-baseline,tb2-baseline-20260417-050526,terminal-bench@2.0,planner_executor,planner_executor,winning-avg-corewars__3CqYZdx,winning-avg-corewars,legs/planner_executor/harbor/tb2-baseline-20260417-050526-planner_executor/winning-avg-corewars__3CqYZdx,,errored,ConnectTimeout,agent,timed out,,,,,,41.088047,5.009062,24.290781,,,
tb2-baseline,tb2-baseline-20260417-050526,terminal-bench@2.0,planner_executor,planner_executor,write-compressor__8SqEgTm,write-compressor,legs/planner_executor/harbor/tb2-baseline-20260417-050526-planner_executor/write-compressor__8SqEgTm,,errored,ConnectTimeout,agent,timed out,,,,,,22.431451,5.005563,1.349054,,,
tb2-baseline,tb2-baseline-20260417-050526,terminal-bench@2.0,react,react,adaptive-rejection-sampler__aLQxANx,adaptive-rejection-sampler,legs/react/harbor/tb2-baseline-20260417-050526-react/adaptive-rejection-sampler__aLQxANx,,errored,ConnectTimeout,agent,timed out,,,,,,58.738929,5.010832,21.248505,,,
tb2-baseline,tb2-baseline-20260417-050526,terminal-bench@2.0,react,react,break-filter-js-from-html__f7jtgGB,break-filter-js-from-html,legs/react/harbor/tb2-baseline-20260417-050526-react/break-filter-js-from-html__f7jtgGB,,errored,ConnectTimeout,agent,timed out,,,,,,30.068922,5.580031,1.687344,,,
tb2-baseline,tb2-baseline-20260417-050526,terminal-bench@2.0,react,react,caffe-cifar-10__2uKrWh2,caffe-cifar-10,legs/react/harbor/tb2-baseline-20260417-050526-react/caffe-cifar-10__2uKrWh2,,errored,ConnectTimeout,agent,timed out,,,,,,21.049212,5.008524,1.50251,,,
tb2-baseline,tb2-baseline-20260417-050526,terminal-bench@2.0,react,react,chess-best-move__W8tFzR3,chess-best-move,legs/react/harbor/tb2-baseline-20260417-050526-react/chess-best-move__W8tFzR3,,errored,ConnectTimeout,agent,timed out,,,,,,78.829956,5.012183,45.225639,,,
tb2-baseline,tb2-baseline-20260417-050526,terminal-bench@2.0,react,react,cobol-modernization__SMyeVGJ,cobol-modernization,legs/react/harbor/tb2-baseline-20260417-050526-react/cobol-modernization__SMyeVGJ,,errored,ConnectTimeout,agent,timed out,,,,,,45.179791,5.010003,25.337136,,,
tb2-baseline,tb2-baseline-20260417-050526,terminal-bench@2.0,react,react,compile-compcert__EQggnVa,compile-compcert,legs/react/harbor/tb2-baseline-20260417-050526-react/compile-compcert__EQggnVa,,failed,,,,,,,,,,,,,,
tb2-baseline,tb2-baseline-20260417-050526,terminal-bench@2.0,react,react,configure-git-webserver__sQ8UxmL,configure-git-webserver,legs/react/harbor/tb2-baseline-20260417-050526-react/configure-git-webserver__sQ8UxmL,,errored,ConnectTimeout,agent,timed out,,,,,,70.721665,5.006804,23.332151,,,
tb2-baseline,tb2-baseline-20260417-050526,terminal-bench@2.0,react,react,crack-7z-hash__QZtj65i,crack-7z-hash,legs/react/harbor/tb2-baseline-20260417-050526-react/crack-7z-hash__QZtj65i,,errored,ConnectTimeout,agent,timed out,,,,,,84.945755,5.00758,56.418662,,,
tb2-baseline,tb2-baseline-20260417-050526,terminal-bench@2.0,react,react,custom-memory-heap-crash__ioo9r6t,custom-memory-heap-crash,legs/react/harbor/tb2-baseline-20260417-050526-react/custom-memory-heap-crash__ioo9r6t,,errored,ConnectTimeout,agent,timed out,,,,,,182.076729,5.005938,142.97989,,,
tb2-baseline,tb2-baseline-20260417-050526,terminal-bench@2.0,react,react,db-wal-recovery__Tn5pPNx,db-wal-recovery,legs/react/harbor/tb2-baseline-20260417-050526-react/db-wal-recovery__Tn5pPNx,,failed,,,,,,,,,,,,,,
tb2-baseline,tb2-baseline-20260417-050526,terminal-bench@2.0,react,react,distribution-search__Yb4HjqT,distribution-search,legs/react/harbor/tb2-baseline-20260417-050526-react/distribution-search__Yb4HjqT,,errored,ConnectTimeout,agent,timed out,,,,,,33.349312,5.011242,8.726958,,,
tb2-baseline,tb2-baseline-20260417-050526,terminal-bench@2.0,react,react,feal-linear-cryptanalysis__UgVNFYG,feal-linear-cryptanalysis,legs/react/harbor/tb2-baseline-20260417-050526-react/feal-linear-cryptanalysis__UgVNFYG,,errored,ConnectTimeout,agent,timed out,,,,,,20.281463,5.00818,1.364235,,,
tb2-baseline,tb2-baseline-20260417-050526,terminal-bench@2.0,react,react,gpt2-codegolf__gzSKFx3,gpt2-codegolf,legs/react/harbor/tb2-baseline-20260417-050526-react/gpt2-codegolf__gzSKFx3,,errored,ConnectTimeout,agent,timed out,,,,,,41.735566,5.007874,20.98804,,,
tb2-baseline,tb2-baseline-20260417-050526,terminal-bench@2.0,react,react,hf-model-inference__HDG99hV,hf-model-inference,legs/react/harbor/tb2-baseline-20260417-050526-react/hf-model-inference__HDG99hV,,failed,,,,,,,,,,,,,,
tb2-baseline,tb2-baseline-20260417-050526,terminal-bench@2.0,react,react,largest-eigenval__N6jZcjs,largest-eigenval,legs/react/harbor/tb2-baseline-20260417-050526-react/largest-eigenval__N6jZcjs,,errored,ConnectTimeout,agent,timed out,,,,,,24.979952,5.00775,6.539937,,,
tb2-baseline,tb2-baseline-20260417-050526,terminal-bench@2.0,react,react,llm-inference-batching-scheduler__NiVdQN9,llm-inference-batching-scheduler,legs/react/harbor/tb2-baseline-20260417-050526-react/llm-inference-batching-scheduler__NiVdQN9,,errored,ConnectTimeout,agent,timed out,,,,,,30.009328,5.00871,12.678265,,,
tb2-baseline,tb2-baseline-20260417-050526,terminal-bench@2.0,react,react,log-summary-date-ranges__QXVXaje,log-summary-date-ranges,legs/react/harbor/tb2-baseline-20260417-050526-react/log-summary-date-ranges__QXVXaje,,errored,ConnectTimeout,agent,timed out,,,,,,28.041274,5.009727,6.325508,,,
tb2-baseline,tb2-baseline-20260417-050526,terminal-bench@2.0,react,react,merge-diff-arc-agi-task__KrEpcRb,merge-diff-arc-agi-task,legs/react/harbor/tb2-baseline-20260417-050526-react/merge-diff-arc-agi-task__KrEpcRb,,errored,ConnectTimeout,agent,timed out,,,,,,28.096616,5.006388,6.633832,,,
tb2-baseline,tb2-baseline-20260417-050526,terminal-bench@2.0,react,react,modernize-scientific-stack__4WXzRp7,modernize-scientific-stack,legs/react/harbor/tb2-baseline-20260417-050526-react/modernize-scientific-stack__4WXzRp7,,errored,ConnectTimeout,agent,timed out,,,,,,45.894327,5.007723,24.176523,,,
tb2-baseline,tb2-baseline-20260417-050526,terminal-bench@2.0,react,react,mteb-retrieve__dDracfX,mteb-retrieve,legs/react/harbor/tb2-baseline-20260417-050526-react/mteb-retrieve__dDracfX,,failed,,,,,,,,,,,,,,
tb2-baseline,tb2-baseline-20260417-050526,terminal-bench@2.0,react,react,multi-source-data-merger__TuS7Fce,multi-source-data-merger,legs/react/harbor/tb2-baseline-20260417-050526-react/multi-source-data-merger__TuS7Fce,,errored,ConnectTimeout,agent,timed out,,,,,,114.564782,5.006116,55.713604,,,
tb2-baseline,tb2-baseline-20260417-050526,terminal-bench@2.0,react,react,overfull-hbox__phx4atw,overfull-hbox,legs/react/harbor/tb2-baseline-20260417-050526-react/overfull-hbox__phx4atw,,errored,ConnectTimeout,agent,timed out,,,,,,76.093654,5.011599,50.777449,,,
tb2-baseline,tb2-baseline-20260417-050526,terminal-bench@2.0,react,react,password-recovery__zdbizQv,password-recovery,legs/react/harbor/tb2-baseline-20260417-050526-react/password-recovery__zdbizQv,,errored,ConnectTimeout,agent,timed out,,,,,,19.112691,5.008125,1.867432,,,
tb2-baseline,tb2-baseline-20260417-050526,terminal-bench@2.0,react,react,path-tracing-reverse__5VotdGm,path-tracing-reverse,legs/react/harbor/tb2-baseline-20260417-050526-react/path-tracing-reverse__5VotdGm,,errored,ConnectTimeout,agent,timed out,,,,,,29.785554,5.00897,11.963026,,,
tb2-baseline,tb2-baseline-20260417-050526,terminal-bench@2.0,react,react,path-tracing__xMKFpVa,path-tracing,legs/react/harbor/tb2-baseline-20260417-050526-react/path-tracing__xMKFpVa,,errored,ConnectTimeout,agent,timed out,,,,,,27.603948,5.007552,10.905578,,,
tb2-baseline,tb2-baseline-20260417-050526,terminal-bench@2.0,react,react,polyglot-rust-c__2D5PGZU,polyglot-rust-c,legs/react/harbor/tb2-baseline-20260417-050526-react/polyglot-rust-c__2D5PGZU,,errored,ConnectTimeout,agent,timed out,,,,,,76.7218,5.01035,56.358826,,,
tb2-baseline,tb2-baseline-20260417-050526,terminal-bench@2.0,react,react,portfolio-optimization__wMpBKpT,portfolio-optimization,legs/react/harbor/tb2-baseline-20260417-050526-react/portfolio-optimization__wMpBKpT,,errored,ConnectTimeout,agent,timed out,,,,,,33.750451,5.00778,14.026886,,,
tb2-baseline,tb2-baseline-20260417-050526,terminal-bench@2.0,react,react,prove-plus-comm__VWobeaj,prove-plus-comm,legs/react/harbor/tb2-baseline-20260417-050526-react/prove-plus-comm__VWobeaj,,errored,ConnectTimeout,agent,timed out,,,,,,28.49264,5.00812,10.48913,,,
tb2-baseline,tb2-baseline-20260417-050526,terminal-bench@2.0,react,react,pypi-server__bAQwUae,pypi-server,legs/react/harbor/tb2-baseline-20260417-050526-react/pypi-server__bAQwUae,,errored,ConnectTimeout,agent,timed out,,,,,,40.379705,5.009889,14.291606,,,
tb2-baseline,tb2-baseline-20260417-050526,terminal-bench@2.0,react,react,pytorch-model-cli__2eEmL2p,pytorch-model-cli,legs/react/harbor/tb2-baseline-20260417-050526-react/pytorch-model-cli__2eEmL2p,,errored,ConnectTimeout,agent,timed out,,,,,,24.9421,5.009183,1.573695,,,
tb2-baseline,tb2-baseline-20260417-050526,terminal-bench@2.0,react,react,regex-chess__VS2sntY,regex-chess,legs/react/harbor/tb2-baseline-20260417-050526-react/regex-chess__VS2sntY,,errored,ConnectTimeout,agent,timed out,,,,,,24.004451,5.010709,6.033395,,,
tb2-baseline,tb2-baseline-20260417-050526,terminal-bench@2.0,react,react,reshard-c4-data__bTZMAhJ,reshard-c4-data,legs/react/harbor/tb2-baseline-20260417-050526-react/reshard-c4-data__bTZMAhJ,,errored,ConnectTimeout,agent,timed out,,,,,,29.807589,5.004516,7.543366,,,
tb2-baseline,tb2-baseline-20260417-050526,terminal-bench@2.0,react,react,torch-tensor-parallelism__mQwxDh7,torch-tensor-parallelism,legs/react/harbor/tb2-baseline-20260417-050526-react/torch-tensor-parallelism__mQwxDh7,,errored,ConnectTimeout,agent,timed out,,,,,,24.815629,5.008219,4.234641,,,
tb2-baseline,tb2-baseline-20260417-050526,terminal-bench@2.0,react,react,winning-avg-corewars__7wtBjaG,winning-avg-corewars,legs/react/harbor/tb2-baseline-20260417-050526-react/winning-avg-corewars__7wtBjaG,,errored,ConnectTimeout,agent,timed out,,,,,,39.654554,5.007709,22.958834,,,
tb2-baseline,tb2-baseline-20260417-050526,terminal-bench@2.0,react,react,write-compressor__Vwpkbro,write-compressor,legs/react/harbor/tb2-baseline-20260417-050526-react/write-compressor__Vwpkbro,,errored,ConnectTimeout,agent,timed out,,,,,,28.196477,5.007053,1.70858,,,
